utc,timestamp,temperature,humidity,
1590131985,Fri 22 May 2020 09:19:45 AM CEST,0,64,
1590132105,Fri 22 May 2020 09:21:45 AM CEST,44,87,
1590132702,Fri 22 May 2020 09:31:42 AM CEST,14,38,
1590133280,Fri 22 May 2020 09:41:20 AM CEST,52,2,
1590133972,Fri 22 May 2020 09:52:52 AM CEST,45,39,
1590134559,Fri 22 May 2020 10:02:39 AM CEST,61,54,
1590134868,Fri 22 May 2020 10:07:48 AM CEST,80,69,
1590135752,Fri 22 May 2020 10:22:32 AM CEST,94,20,
1590136383,Fri 22 May 2020 10:33:03 AM CEST,22,55,
1590136862,Fri 22 May 2020 10:41:02 AM CEST,42,46,
1590137208,Fri 22 May 2020 10:46:48 AM CEST,61,39,
1590137865,Fri 22 May 2020 10:57:45 AM CEST,17,91,
1590138263,Fri 22 May 2020 11:04:23 AM CEST,57,60,
1590138414,Fri 22 May 2020 11:06:54 AM CEST,77,25,
1590138562,Fri 22 May 2020 11:09:22 AM CEST,71,96,
1590139274,Fri 22 May 2020 11:21:14 AM CEST,1,60,
1590139915,Fri 22 May 2020 11:31:55 AM CEST,84,95,
1590140508,Fri 22 May 2020 11:41:48 AM CEST,25,40,
1590140612,Fri 22 May 2020 11:43:32 AM CEST,85,85,
1590141092,Fri 22 May 2020 11:51:32 AM CEST,18,64,
1590141957,Fri 22 May 2020 12:05:57 PM CEST,84,24,
1590142321,Fri 22 May 2020 12:12:01 PM CEST,41,48,
1590143162,Fri 22 May 2020 12:26:02 PM CEST,10,58,
1590143994,Fri 22 May 2020 12:39:54 PM CEST,51,70,
1590144100,Fri 22 May 2020 12:41:40 PM CEST,91,67,
1590144747,Fri 22 May 2020 12:52:27 PM CEST,38,16,
1590145331,Fri 22 May 2020 01:02:11 PM CEST,97,32,
1590145634,Fri 22 May 2020 01:07:14 PM CEST,32,3,
1590145886,Fri 22 May 2020 01:11:26 PM CEST,55,39,
1590146378,Fri 22 May 2020 01:19:38 PM CEST,74,45,
1590146728,Fri 22 May 2020 01:25:28 PM CEST,38,85,
1590146832,Fri 22 May 2020 01:27:12 PM CEST,9,98,
1590147109,Fri 22 May 2020 01:31:49 PM CEST,15,3,
1590147994,Fri 22 May 2020 01:46:34 PM CEST,87,87,
1590148423,Fri 22 May 2020 01:53:43 PM CEST,4,93,
1590148645,Fri 22 May 2020 01:57:25 PM CEST,43,63,
1590149311,Fri 22 May 2020 02:08:31 PM CEST,25,50,
1590149684,Fri 22 May 2020 02:14:44 PM CEST,79,29,
1590149915,Fri 22 May 2020 02:18:35 PM CEST,17,17,
1590150701,Fri 22 May 2020 02:31:41 PM CEST,10,19,
1590150935,Fri 22 May 2020 02:35:35 PM CEST,26,91,
1590151719,Fri 22 May 2020 02:48:39 PM CEST,74,75,
1590151747,Fri 22 May 2020 02:49:07 PM CEST,75,61,
1590152311,Fri 22 May 2020 02:58:31 PM CEST,26,67,
1590152317,Fri 22 May 2020 02:58:37 PM CEST,62,68,
1590152506,Fri 22 May 2020 03:01:46 PM CEST,12,78,
1590152656,Fri 22 May 2020 03:04:16 PM CEST,76,90,
1590152735,Fri 22 May 2020 03:05:35 PM CEST,83,57,
1590152752,Fri 22 May 2020 03:05:52 PM CEST,80,77,
1590153104,Fri 22 May 2020 03:11:44 PM CEST,65,0,
1590153436,Fri 22 May 2020 03:17:16 PM CEST,70,40,
1590154200,Fri 22 May 2020 03:30:00 PM CEST,70,61,
1590154425,Fri 22 May 2020 03:33:45 PM CEST,40,70,
1590154659,Fri 22 May 2020 03:37:39 PM CEST,52,46,
1590155149,Fri 22 May 2020 03:45:49 PM CEST,89,30,
1590155228,Fri 22 May 2020 03:47:08 PM CEST,11,2,
1590155665,Fri 22 May 2020 03:54:25 PM CEST,47,59,
1590156449,Fri 22 May 2020 04:07:29 PM CEST,75,89,
1590157191,Fri 22 May 2020 04:19:51 PM CEST,33,16,
1590157983,Fri 22 May 2020 04:33:03 PM CEST,0,75,
1590158749,Fri 22 May 2020 04:45:49 PM CEST,61,24,
1590158997,Fri 22 May 2020 04:49:57 PM CEST,9,75,
1590159007,Fri 22 May 2020 04:50:07 PM CEST,37,75,
1590159288,Fri 22 May 2020 04:54:48 PM CEST,74,8,
1590159895,Fri 22 May 2020 05:04:55 PM CEST,68,61,
1590160045,Fri 22 May 2020 05:07:25 PM CEST,88,10,
1590160398,Fri 22 May 2020 05:13:18 PM CEST,32,95,
1590160815,Fri 22 May 2020 05:20:15 PM CEST,96,60,
1590161183,Fri 22 May 2020 05:26:23 PM CEST,81,75,
1590161696,Fri 22 May 2020 05:34:56 PM CEST,78,97,
1590162207,Fri 22 May 2020 05:43:27 PM CEST,63,48,
1590162367,Fri 22 May 2020 05:46:07 PM CEST,56,5,
1590162773,Fri 22 May 2020 05:52:53 PM CEST,35,36,
1590163039,Fri 22 May 2020 05:57:19 PM CEST,24,62,
1590163440,Fri 22 May 2020 06:04:00 PM CEST,86,28,
1590163669,Fri 22 May 2020 06:07:49 PM CEST,56,21,
1590163905,Fri 22 May 2020 06:11:45 PM CEST,25,19,
1590164219,Fri 22 May 2020 06:16:59 PM CEST,93,37,
1590164722,Fri 22 May 2020 06:25:22 PM CEST,18,74,
1590164980,Fri 22 May 2020 06:29:40 PM CEST,83,75,
1590165179,Fri 22 May 2020 06:32:59 PM CEST,84,82,
1590165273,Fri 22 May 2020 06:34:33 PM CEST,34,50,
1590165631,Fri 22 May 2020 06:40:31 PM CEST,94,93,
1590165756,Fri 22 May 2020 06:42:36 PM CEST,19,16,
1590166173,Fri 22 May 2020 06:49:33 PM CEST,96,94,
1590166557,Fri 22 May 2020 06:55:57 PM CEST,71,3,
1590167025,Fri 22 May 2020 07:03:45 PM CEST,0,98,
1590167356,Fri 22 May 2020 07:09:16 PM CEST,29,85,
1590167854,Fri 22 May 2020 07:17:34 PM CEST,34,48,
1590168314,Fri 22 May 2020 07:25:14 PM CEST,13,80,
1590168355,Fri 22 May 2020 07:25:55 PM CEST,20,0,
1590168590,Fri 22 May 2020 07:29:50 PM CEST,13,26,
1590168896,Fri 22 May 2020 07:34:56 PM CEST,40,22,
1590168990,Fri 22 May 2020 07:36:30 PM CEST,68,57,
1590169520,Fri 22 May 2020 07:45:20 PM CEST,50,39,
1590169647,Fri 22 May 2020 07:47:27 PM CEST,3,0,
1590169911,Fri 22 May 2020 07:51:51 PM CEST,62,92,
1590170342,Fri 22 May 2020 07:59:02 PM CEST,53,66,
1590170765,Fri 22 May 2020 08:06:05 PM CEST,45,71,
1590171034,Fri 22 May 2020 08:10:34 PM CEST,96,23,
1590171455,Fri 22 May 2020 08:17:35 PM CEST,92,81,
1590171810,Fri 22 May 2020 08:23:30 PM CEST,5,47,
1590172094,Fri 22 May 2020 08:28:14 PM CEST,98,22,
1590172313,Fri 22 May 2020 08:31:53 PM CEST,58,21,
1590172433,Fri 22 May 2020 08:33:53 PM CEST,66,34,
1590172853,Fri 22 May 2020 08:40:53 PM CEST,21,61,
1590172987,Fri 22 May 2020 08:43:07 PM CEST,60,83,
1590173365,Fri 22 May 2020 08:49:26 PM CEST,2,21,
1590173549,Fri 22 May 2020 08:52:29 PM CEST,28,7,
1590173623,Fri 22 May 2020 08:53:43 PM CEST,99,25,
1590173880,Fri 22 May 2020 08:58:00 PM CEST,6,0,
1590174227,Fri 22 May 2020 09:03:47 PM CEST,16,32,
1590174466,Fri 22 May 2020 09:07:46 PM CEST,5,46,
1590174838,Fri 22 May 2020 09:13:58 PM CEST,43,26,
1590175287,Fri 22 May 2020 09:21:27 PM CEST,21,16,
1590175684,Fri 22 May 2020 09:28:04 PM CEST,69,78,
1590176173,Fri 22 May 2020 09:36:13 PM CEST,76,47,
1590176398,Fri 22 May 2020 09:39:58 PM CEST,31,21,
1590176549,Fri 22 May 2020 09:42:29 PM CEST,48,30,
1590176892,Fri 22 May 2020 09:48:12 PM CEST,46,47,
1590177130,Fri 22 May 2020 09:52:10 PM CEST,38,12,
1590177520,Fri 22 May 2020 09:58:40 PM CEST,0,0,
1590177884,Fri 22 May 2020 10:04:44 PM CEST,0,32,
1590178127,Fri 22 May 2020 10:08:47 PM CEST,14,26,
1590178405,Fri 22 May 2020 10:13:25 PM CEST,6,99,
1590178664,Fri 22 May 2020 10:17:44 PM CEST,78,87,
1590179121,Fri 22 May 2020 10:25:21 PM CEST,94,12,
1590179447,Fri 22 May 2020 10:30:47 PM CEST,51,85,
1590179602,Fri 22 May 2020 10:33:22 PM CEST,62,67,
1590179834,Fri 22 May 2020 10:37:14 PM CEST,58,54,
1590180225,Fri 22 May 2020 10:43:45 PM CEST,69,47,
1590180488,Fri 22 May 2020 10:48:08 PM CEST,37,32,
1590180697,Fri 22 May 2020 10:51:37 PM CEST,45,7,
1590180879,Fri 22 May 2020 10:54:39 PM CEST,99,21,
1590181217,Fri 22 May 2020 11:00:17 PM CEST,90,59,
1590181586,Fri 22 May 2020 11:06:26 PM CEST,80,8,
1590181862,Fri 22 May 2020 11:11:02 PM CEST,3,26,
1590182243,Fri 22 May 2020 11:17:23 PM CEST,35,50,
1590182505,Fri 22 May 2020 11:21:45 PM CEST,68,55,
1590182843,Fri 22 May 2020 11:27:23 PM CEST,88,99,
1590183347,Fri 22 May 2020 11:35:47 PM CEST,93,85,
1590183552,Fri 22 May 2020 11:39:12 PM CEST,6,76,
1590183701,Fri 22 May 2020 11:41:41 PM CEST,51,56,
1590183953,Fri 22 May 2020 11:45:53 PM CEST,48,77,
1590184496,Fri 22 May 2020 11:54:56 PM CEST,56,68,
1590184718,Fri 22 May 2020 11:58:38 PM CEST,88,66,
1590184922,Sat 23 May 2020 12:02:02 AM CEST,14,69,
1590185423,Sat 23 May 2020 12:10:23 AM CEST,67,35,
1590185655,Sat 23 May 2020 12:14:15 AM CEST,25,10,
1590185778,Sat 23 May 2020 12:16:18 AM CEST,88,38,
1590185993,Sat 23 May 2020 12:19:53 AM CEST,52,33,
1590186258,Sat 23 May 2020 12:24:19 AM CEST,80,60,
1590186656,Sat 23 May 2020 12:30:56 AM CEST,56,87,
1590186889,Sat 23 May 2020 12:34:49 AM CEST,14,71,
1590186989,Sat 23 May 2020 12:36:29 AM CEST,42,94,
1590187279,Sat 23 May 2020 12:41:19 AM CEST,53,96,
1590187546,Sat 23 May 2020 12:45:46 AM CEST,7,57,
1590187889,Sat 23 May 2020 12:51:29 AM CEST,0,84,
1590188328,Sat 23 May 2020 12:58:48 AM CEST,97,42,
1590188578,Sat 23 May 2020 01:02:58 AM CEST,93,74,
1590188937,Sat 23 May 2020 01:08:57 AM CEST,33,23,
1590189133,Sat 23 May 2020 01:12:13 AM CEST,6,40,
1590189464,Sat 23 May 2020 01:17:44 AM CEST,15,86,
1590189824,Sat 23 May 2020 01:23:44 AM CEST,50,95,
1590190121,Sat 23 May 2020 01:28:41 AM CEST,9,31,
1590190552,Sat 23 May 2020 01:35:52 AM CEST,30,82,
1590190824,Sat 23 May 2020 01:40:24 AM CEST,86,24,
1590190996,Sat 23 May 2020 01:43:16 AM CEST,39,47,
1590191529,Sat 23 May 2020 01:52:09 AM CEST,77,93,
1590191742,Sat 23 May 2020 01:55:42 AM CEST,75,69,
1590191827,Sat 23 May 2020 01:57:07 AM CEST,27,82,
1590192365,Sat 23 May 2020 02:06:05 AM CEST,58,87,
1590192630,Sat 23 May 2020 02:10:30 AM CEST,81,25,
1590193099,Sat 23 May 2020 02:18:19 AM CEST,9,31,
1590193181,Sat 23 May 2020 02:19:41 AM CEST,51,12,
1590193524,Sat 23 May 2020 02:25:24 AM CEST,71,12,
1590193970,Sat 23 May 2020 02:32:50 AM CEST,88,9,
1590194113,Sat 23 May 2020 02:35:13 AM CEST,42,27,
1590194372,Sat 23 May 2020 02:39:32 AM CEST,13,60,
1590194647,Sat 23 May 2020 02:44:07 AM CEST,58,90,
1590194935,Sat 23 May 2020 02:48:55 AM CEST,43,28,
1590195320,Sat 23 May 2020 02:55:20 AM CEST,88,36,
1590195777,Sat 23 May 2020 03:02:57 AM CEST,76,66,
1590196071,Sat 23 May 2020 03:07:51 AM CEST,72,75,
1590196424,Sat 23 May 2020 03:13:44 AM CEST,46,47,
1590196780,Sat 23 May 2020 03:19:40 AM CEST,55,77,
1590196932,Sat 23 May 2020 03:22:12 AM CEST,25,87,
1590197217,Sat 23 May 2020 03:26:57 AM CEST,99,27,
1590197569,Sat 23 May 2020 03:32:49 AM CEST,71,63,
1590198109,Sat 23 May 2020 03:41:49 AM CEST,97,0,
1590198380,Sat 23 May 2020 03:46:20 AM CEST,75,58,
1590198732,Sat 23 May 2020 03:52:12 AM CEST,88,29,
1590199210,Sat 23 May 2020 04:00:10 AM CEST,87,79,
1590199461,Sat 23 May 2020 04:04:21 AM CEST,97,9,
1590199795,Sat 23 May 2020 04:09:55 AM CEST,89,37,
1590200329,Sat 23 May 2020 04:18:49 AM CEST,62,29,
1590200661,Sat 23 May 2020 04:24:21 AM CEST,12,91,
1590200882,Sat 23 May 2020 04:28:02 AM CEST,59,42,
1590200929,Sat 23 May 2020 04:28:49 AM CEST,28,81,
1590200996,Sat 23 May 2020 04:29:56 AM CEST,9,53,
1590201234,Sat 23 May 2020 04:33:54 AM CEST,3,45,
1590201565,Sat 23 May 2020 04:39:25 AM CEST,65,51,
1590201781,Sat 23 May 2020 04:43:01 AM CEST,43,11,
1590202107,Sat 23 May 2020 04:48:27 AM CEST,48,44,
1590202623,Sat 23 May 2020 04:57:03 AM CEST,95,4,
1590202962,Sat 23 May 2020 05:02:42 AM CEST,84,66,
1590203213,Sat 23 May 2020 05:06:53 AM CEST,37,38,
1590203483,Sat 23 May 2020 05:11:23 AM CEST,88,41,
1590203759,Sat 23 May 2020 05:15:59 AM CEST,85,10,
1590204219,Sat 23 May 2020 05:23:39 AM CEST,85,97,
1590204551,Sat 23 May 2020 05:29:11 AM CEST,39,42,
1590204962,Sat 23 May 2020 05:36:02 AM CEST,81,86,
1590205350,Sat 23 May 2020 05:42:30 AM CEST,91,63,
1590205597,Sat 23 May 2020 05:46:37 AM CEST,88,63,
1590205843,Sat 23 May 2020 05:50:43 AM CEST,75,73,
1590206251,Sat 23 May 2020 05:57:31 AM CEST,34,90,
1590206677,Sat 23 May 2020 06:04:37 AM CEST,41,37,
1590206813,Sat 23 May 2020 06:06:53 AM CEST,25,9,
1590207045,Sat 23 May 2020 06:10:45 AM CEST,52,34,
1590207324,Sat 23 May 2020 06:15:24 AM CEST,24,9,
1590207518,Sat 23 May 2020 06:18:38 AM CEST,18,83,
1590207801,Sat 23 May 2020 06:23:21 AM CEST,24,67,
1590207964,Sat 23 May 2020 06:26:04 AM CEST,36,2,
1590208334,Sat 23 May 2020 06:32:14 AM CEST,15,30,
1590208774,Sat 23 May 2020 06:39:34 AM CEST,63,42,
1590209119,Sat 23 May 2020 06:45:19 AM CEST,66,52,
1590209487,Sat 23 May 2020 06:51:27 AM CEST,57,45,
1590209754,Sat 23 May 2020 06:55:54 AM CEST,19,2,
1590210091,Sat 23 May 2020 07:01:31 AM CEST,91,96,
1590210464,Sat 23 May 2020 07:07:44 AM CEST,51,32,
1590210547,Sat 23 May 2020 07:09:07 AM CEST,36,63,
1590211012,Sat 23 May 2020 07:16:52 AM CEST,0,94,
1590211108,Sat 23 May 2020 07:18:28 AM CEST,71,32,
1590211393,Sat 23 May 2020 07:23:13 AM CEST,83,20,
1590211613,Sat 23 May 2020 07:26:53 AM CEST,60,6,
1590212053,Sat 23 May 2020 07:34:13 AM CEST,16,22,
1590212471,Sat 23 May 2020 07:41:11 AM CEST,19,14,
1590212664,Sat 23 May 2020 07:44:24 AM CEST,68,41,
1590213097,Sat 23 May 2020 07:51:37 AM CEST,55,80,
1590213592,Sat 23 May 2020 07:59:52 AM CEST,88,64,
1590214020,Sat 23 May 2020 08:07:00 AM CEST,29,60,
1590214539,Sat 23 May 2020 08:15:39 AM CEST,91,92,
1590214708,Sat 23 May 2020 08:18:28 AM CEST,33,96,
1590215030,Sat 23 May 2020 08:23:50 AM CEST,34,39,
1590215148,Sat 23 May 2020 08:25:48 AM CEST,1,25,
1590215235,Sat 23 May 2020 08:27:15 AM CEST,79,69,
1590215316,Sat 23 May 2020 08:28:36 AM CEST,16,58,
1590215644,Sat 23 May 2020 08:34:04 AM CEST,75,15,
1590215794,Sat 23 May 2020 08:36:34 AM CEST,49,20,
1590216005,Sat 23 May 2020 08:40:05 AM CEST,94,36,
1590216267,Sat 23 May 2020 08:44:27 AM CEST,12,36,
1590216327,Sat 23 May 2020 08:45:27 AM CEST,93,98,
1590216567,Sat 23 May 2020 08:49:27 AM CEST,49,97,
1590216985,Sat 23 May 2020 08:56:25 AM CEST,13,43,
1590217484,Sat 23 May 2020 09:04:44 AM CEST,89,56,
1590217692,Sat 23 May 2020 09:08:12 AM CEST,80,29,
1590218185,Sat 23 May 2020 09:16:25 AM CEST,72,0,
1590218562,Sat 23 May 2020 09:22:42 AM CEST,49,81,
1590218686,Sat 23 May 2020 09:24:46 AM CEST,69,88,
1590218967,Sat 23 May 2020 09:29:27 AM CEST,59,29,
1590219299,Sat 23 May 2020 09:34:59 AM CEST,25,31,
1590219433,Sat 23 May 2020 09:37:13 AM CEST,39,7,
1590219700,Sat 23 May 2020 09:41:40 AM CEST,44,31,
1590220114,Sat 23 May 2020 09:48:34 AM CEST,64,29,
1590220579,Sat 23 May 2020 09:56:19 AM CEST,31,78,
1590220832,Sat 23 May 2020 10:00:32 AM CEST,22,46,
1590221222,Sat 23 May 2020 10:07:02 AM CEST,24,1,
1590221674,Sat 23 May 2020 10:14:34 AM CEST,7,99,
1590221979,Sat 23 May 2020 10:19:39 AM CEST,49,88,
1590222337,Sat 23 May 2020 10:25:37 AM CEST,17,7,
1590222720,Sat 23 May 2020 10:32:00 AM CEST,72,66,
1590223069,Sat 23 May 2020 10:37:49 AM CEST,97,85,
1590223237,Sat 23 May 2020 10:40:37 AM CEST,60,89,
1590223514,Sat 23 May 2020 10:45:14 AM CEST,72,64,
1590223966,Sat 23 May 2020 10:52:46 AM CEST,22,82,
1590224428,Sat 23 May 2020 11:00:28 AM CEST,23,80,
1590224568,Sat 23 May 2020 11:02:48 AM CEST,85,32,
1590224715,Sat 23 May 2020 11:05:15 AM CEST,34,42,
1590224900,Sat 23 May 2020 11:08:20 AM CEST,11,43,
1590225082,Sat 23 May 2020 11:11:22 AM CEST,17,44,
1590225285,Sat 23 May 2020 11:14:45 AM CEST,39,83,
1590225796,Sat 23 May 2020 11:23:16 AM CEST,29,13,
1590225989,Sat 23 May 2020 11:26:29 AM CEST,52,32,
1590226401,Sat 23 May 2020 11:33:21 AM CEST,53,97,
1590226732,Sat 23 May 2020 11:38:52 AM CEST,79,72,
1590226985,Sat 23 May 2020 11:43:05 AM CEST,77,25,
1590227261,Sat 23 May 2020 11:47:41 AM CEST,4,68,
1590227810,Sat 23 May 2020 11:56:50 AM CEST,53,77,
1590228183,Sat 23 May 2020 12:03:03 PM CEST,16,49,
1590228525,Sat 23 May 2020 12:08:45 PM CEST,7,22,
1590228829,Sat 23 May 2020 12:13:49 PM CEST,95,25,
1590229159,Sat 23 May 2020 12:19:19 PM CEST,22,1,
1590229515,Sat 23 May 2020 12:25:15 PM CEST,70,9,
1590229875,Sat 23 May 2020 12:31:15 PM CEST,81,76,
1590230139,Sat 23 May 2020 12:35:39 PM CEST,68,42,
1590230566,Sat 23 May 2020 12:42:46 PM CEST,45,61,
1590230967,Sat 23 May 2020 12:49:27 PM CEST,9,84,
1590231226,Sat 23 May 2020 12:53:46 PM CEST,99,72,
1590231620,Sat 23 May 2020 01:00:20 PM CEST,38,53,
1590231766,Sat 23 May 2020 01:02:46 PM CEST,64,55,
1590232048,Sat 23 May 2020 01:07:28 PM CEST,66,26,
1590232120,Sat 23 May 2020 01:08:40 PM CEST,60,56,
1590232664,Sat 23 May 2020 01:17:44 PM CEST,6,70,
1590232923,Sat 23 May 2020 01:22:03 PM CEST,63,32,
1590233251,Sat 23 May 2020 01:27:31 PM CEST,4,94,
1590233455,Sat 23 May 2020 01:30:55 PM CEST,50,21,
1590233550,Sat 23 May 2020 01:32:30 PM CEST,16,62,
1590233650,Sat 23 May 2020 01:34:10 PM CEST,23,20,
1590233989,Sat 23 May 2020 01:39:49 PM CEST,69,3,
1590234276,Sat 23 May 2020 01:44:36 PM CEST,7,39,
1590234711,Sat 23 May 2020 01:51:51 PM CEST,7,12,
1590234863,Sat 23 May 2020 01:54:23 PM CEST,68,95,
1590235219,Sat 23 May 2020 02:00:19 PM CEST,28,87,
1590235503,Sat 23 May 2020 02:05:03 PM CEST,58,46,
1590235587,Sat 23 May 2020 02:06:27 PM CEST,4,25,
1590235711,Sat 23 May 2020 02:08:31 PM CEST,65,86,
1590235873,Sat 23 May 2020 02:11:13 PM CEST,98,46,
1590236004,Sat 23 May 2020 02:13:24 PM CEST,62,62,
1590236429,Sat 23 May 2020 02:20:29 PM CEST,36,50,
1590236700,Sat 23 May 2020 02:25:00 PM CEST,77,8,
1590236882,Sat 23 May 2020 02:28:02 PM CEST,75,16,
1590237238,Sat 23 May 2020 02:33:58 PM CEST,20,69,
1590237698,Sat 23 May 2020 02:41:38 PM CEST,85,91,
1590238153,Sat 23 May 2020 02:49:13 PM CEST,6,23,
1590238467,Sat 23 May 2020 02:54:27 PM CEST,13,91,
1590238540,Sat 23 May 2020 02:55:40 PM CEST,31,31,
1590238657,Sat 23 May 2020 02:57:37 PM CEST,8,39,
1590238749,Sat 23 May 2020 02:59:09 PM CEST,16,46,
1590239014,Sat 23 May 2020 03:03:34 PM CEST,67,67,
1590239168,Sat 23 May 2020 03:06:08 PM CEST,1,18,
1590239453,Sat 23 May 2020 03:10:53 PM CEST,85,36,
1590239686,Sat 23 May 2020 03:14:46 PM CEST,54,59,
1590239793,Sat 23 May 2020 03:16:33 PM CEST,95,32,
1590240044,Sat 23 May 2020 03:20:44 PM CEST,9,99,
1590240471,Sat 23 May 2020 03:27:51 PM CEST,93,87,
1590240903,Sat 23 May 2020 03:35:03 PM CEST,13,70,
1590241243,Sat 23 May 2020 03:40:43 PM CEST,24,20,
1590241632,Sat 23 May 2020 03:47:12 PM CEST,7,55,
1590242035,Sat 23 May 2020 03:53:55 PM CEST,61,81,
1590242343,Sat 23 May 2020 03:59:03 PM CEST,81,8,
1590242585,Sat 23 May 2020 04:03:05 PM CEST,30,95,
1590242892,Sat 23 May 2020 04:08:12 PM CEST,93,34,
1590243207,Sat 23 May 2020 04:13:27 PM CEST,69,63,
1590243793,Sat 23 May 2020 04:23:13 PM CEST,11,81,
1590244040,Sat 23 May 2020 04:27:20 PM CEST,45,30,
1590244307,Sat 23 May 2020 04:31:47 PM CEST,89,32,
1590244439,Sat 23 May 2020 04:33:59 PM CEST,21,92,
1590244632,Sat 23 May 2020 04:37:12 PM CEST,32,3,
1590244958,Sat 23 May 2020 04:42:38 PM CEST,67,57,
1590245383,Sat 23 May 2020 04:49:43 PM CEST,95,96,
1590245663,Sat 23 May 2020 04:54:23 PM CEST,9,78,
1590245929,Sat 23 May 2020 04:58:49 PM CEST,48,5,
1590246243,Sat 23 May 2020 05:04:03 PM CEST,22,89,
1590246625,Sat 23 May 2020 05:10:25 PM CEST,92,5,
1590246769,Sat 23 May 2020 05:12:49 PM CEST,13,61,
1590247151,Sat 23 May 2020 05:19:11 PM CEST,8,9,
1590247406,Sat 23 May 2020 05:23:26 PM CEST,16,97,
1590247812,Sat 23 May 2020 05:30:12 PM CEST,0,91,
1590248181,Sat 23 May 2020 05:36:21 PM CEST,80,12,
1590248507,Sat 23 May 2020 05:41:47 PM CEST,22,68,
1590248784,Sat 23 May 2020 05:46:24 PM CEST,98,62,
1590249115,Sat 23 May 2020 05:51:55 PM CEST,79,45,
1590249243,Sat 23 May 2020 05:54:03 PM CEST,63,31,
1590249645,Sat 23 May 2020 06:00:45 PM CEST,45,7,
1590249800,Sat 23 May 2020 06:03:20 PM CEST,69,44,
1590250075,Sat 23 May 2020 06:07:55 PM CEST,7,90,
1590250535,Sat 23 May 2020 06:15:35 PM CEST,71,66,
1590250790,Sat 23 May 2020 06:19:50 PM CEST,7,97,
1590251110,Sat 23 May 2020 06:25:10 PM CEST,87,48,
1590251575,Sat 23 May 2020 06:32:55 PM CEST,58,7,
1590251897,Sat 23 May 2020 06:38:17 PM CEST,17,1,
1590252135,Sat 23 May 2020 06:42:15 PM CEST,31,30,
1590252247,Sat 23 May 2020 06:44:07 PM CEST,32,87,
1590252402,Sat 23 May 2020 06:46:42 PM CEST,14,69,
1590252718,Sat 23 May 2020 06:51:58 PM CEST,1,61,
1590253100,Sat 23 May 2020 06:58:20 PM CEST,9,80,
1590253483,Sat 23 May 2020 07:04:43 PM CEST,83,79,
1590253731,Sat 23 May 2020 07:08:51 PM CEST,84,63,
1590254060,Sat 23 May 2020 07:14:20 PM CEST,7,38,
1590254400,Sat 23 May 2020 07:20:00 PM CEST,78,25,
1590254638,Sat 23 May 2020 07:23:58 PM CEST,63,58,
1590255014,Sat 23 May 2020 07:30:14 PM CEST,95,99,
1590255578,Sat 23 May 2020 07:39:38 PM CEST,50,82,
1590255880,Sat 23 May 2020 07:44:40 PM CEST,84,41,
1590255978,Sat 23 May 2020 07:46:18 PM CEST,50,35,
1590256373,Sat 23 May 2020 07:52:53 PM CEST,5,87,
1590256597,Sat 23 May 2020 07:56:37 PM CEST,66,1,
1590256878,Sat 23 May 2020 08:01:18 PM CEST,73,22,
1590257089,Sat 23 May 2020 08:04:49 PM CEST,58,59,
1590257423,Sat 23 May 2020 08:10:23 PM CEST,63,87,
1590257516,Sat 23 May 2020 08:11:56 PM CEST,50,37,
1590257823,Sat 23 May 2020 08:17:03 PM CEST,97,99,
1590258142,Sat 23 May 2020 08:22:22 PM CEST,81,74,
1590258621,Sat 23 May 2020 08:30:21 PM CEST,86,88,
1590258955,Sat 23 May 2020 08:35:55 PM CEST,11,78,
1590259489,Sat 23 May 2020 08:44:49 PM CEST,34,36,
1590259862,Sat 23 May 2020 08:51:02 PM CEST,49,66,
1590260310,Sat 23 May 2020 08:58:30 PM CEST,66,40,
1590260660,Sat 23 May 2020 09:04:20 PM CEST,96,12,
1590261033,Sat 23 May 2020 09:10:33 PM CEST,66,47,
1590261360,Sat 23 May 2020 09:16:00 PM CEST,35,27,
1590261711,Sat 23 May 2020 09:21:51 PM CEST,2,82,
1590262196,Sat 23 May 2020 09:29:56 PM CEST,62,32,
1590262557,Sat 23 May 2020 09:35:57 PM CEST,16,12,
1590263075,Sat 23 May 2020 09:44:35 PM CEST,33,99,
1590263409,Sat 23 May 2020 09:50:09 PM CEST,65,89,
1590263729,Sat 23 May 2020 09:55:29 PM CEST,15,24,
1590263833,Sat 23 May 2020 09:57:13 PM CEST,20,6,
1590264088,Sat 23 May 2020 10:01:28 PM CEST,55,9,
1590264461,Sat 23 May 2020 10:07:41 PM CEST,31,48,
1590264741,Sat 23 May 2020 10:12:21 PM CEST,46,66,
1590264989,Sat 23 May 2020 10:16:29 PM CEST,90,41,
1590265306,Sat 23 May 2020 10:21:46 PM CEST,87,71,
1590265468,Sat 23 May 2020 10:24:28 PM CEST,6,86,
1590265713,Sat 23 May 2020 10:28:33 PM CEST,91,65,
1590266050,Sat 23 May 2020 10:34:10 PM CEST,81,65,
1590266151,Sat 23 May 2020 10:35:51 PM CEST,57,69,
1590266420,Sat 23 May 2020 10:40:20 PM CEST,88,24,
1590266708,Sat 23 May 2020 10:45:08 PM CEST,27,79,
1590266957,Sat 23 May 2020 10:49:17 PM CEST,53,96,
1590267108,Sat 23 May 2020 10:51:48 PM CEST,2,59,
1590267634,Sat 23 May 2020 11:00:34 PM CEST,85,87,
1590267953,Sat 23 May 2020 11:05:53 PM CEST,72,74,
1590268248,Sat 23 May 2020 11:10:48 PM CEST,77,75,
1590268727,Sat 23 May 2020 11:18:47 PM CEST,94,34,
1590269077,Sat 23 May 2020 11:24:37 PM CEST,56,47,
1590269622,Sat 23 May 2020 11:33:42 PM CEST,86,1,
1590269983,Sat 23 May 2020 11:39:43 PM CEST,23,81,
1590270330,Sat 23 May 2020 11:45:30 PM CEST,95,4,
1590270494,Sat 23 May 2020 11:48:14 PM CEST,63,94,
1590270844,Sat 23 May 2020 11:54:04 PM CEST,6,74,
1590271359,Sun 24 May 2020 12:02:39 AM CEST,8,4,
1590271413,Sun 24 May 2020 12:03:33 AM CEST,7,64,
1590271820,Sun 24 May 2020 12:10:20 AM CEST,80,53,
1590272293,Sun 24 May 2020 12:18:13 AM CEST,16,66,
1590272409,Sun 24 May 2020 12:20:09 AM CEST,79,51,
1590272716,Sun 24 May 2020 12:25:16 AM CEST,4,72,
1590273104,Sun 24 May 2020 12:31:44 AM CEST,98,3,
1590273426,Sun 24 May 2020 12:37:06 AM CEST,92,70,
1590273847,Sun 24 May 2020 12:44:07 AM CEST,90,7,
1590274196,Sun 24 May 2020 12:49:56 AM CEST,87,93,
1590274288,Sun 24 May 2020 12:51:28 AM CEST,16,12,
1590274648,Sun 24 May 2020 12:57:28 AM CEST,21,76,
1590275111,Sun 24 May 2020 01:05:11 AM CEST,73,93,
1590275562,Sun 24 May 2020 01:12:42 AM CEST,25,9,
1590275831,Sun 24 May 2020 01:17:11 AM CEST,52,0,
1590276162,Sun 24 May 2020 01:22:42 AM CEST,29,85,
1590276424,Sun 24 May 2020 01:27:04 AM CEST,16,37,
1590276623,Sun 24 May 2020 01:30:23 AM CEST,72,63,
1590276916,Sun 24 May 2020 01:35:16 AM CEST,27,58,
1590277245,Sun 24 May 2020 01:40:45 AM CEST,44,35,
1590277595,Sun 24 May 2020 01:46:35 AM CEST,13,12,
1590278161,Sun 24 May 2020 01:56:01 AM CEST,58,54,
1590278621,Sun 24 May 2020 02:03:41 AM CEST,18,92,
1590279163,Sun 24 May 2020 02:12:43 AM CEST,10,86,
1590279507,Sun 24 May 2020 02:18:27 AM CEST,23,25,
1590279731,Sun 24 May 2020 02:22:11 AM CEST,34,46,
1590280171,Sun 24 May 2020 02:29:31 AM CEST,64,0,
1590280309,Sun 24 May 2020 02:31:49 AM CEST,56,5,
1590280410,Sun 24 May 2020 02:33:30 AM CEST,56,37,
1590280779,Sun 24 May 2020 02:39:39 AM CEST,59,57,
1590280860,Sun 24 May 2020 02:41:00 AM CEST,72,74,
1590281127,Sun 24 May 2020 02:45:27 AM CEST,84,77,
1590281353,Sun 24 May 2020 02:49:13 AM CEST,57,8,
1590281738,Sun 24 May 2020 02:55:38 AM CEST,2,31,
1590281999,Sun 24 May 2020 02:59:59 AM CEST,9,35,
1590282197,Sun 24 May 2020 03:03:17 AM CEST,13,85,
1590282394,Sun 24 May 2020 03:06:34 AM CEST,21,12,
1590282670,Sun 24 May 2020 03:11:10 AM CEST,38,87,
1590282859,Sun 24 May 2020 03:14:19 AM CEST,11,66,
1590283045,Sun 24 May 2020 03:17:25 AM CEST,14,2,
1590283629,Sun 24 May 2020 03:27:09 AM CEST,95,64,
1590284174,Sun 24 May 2020 03:36:14 AM CEST,97,15,
1590284744,Sun 24 May 2020 03:45:44 AM CEST,60,96,
1590284925,Sun 24 May 2020 03:48:45 AM CEST,98,60,
1590285257,Sun 24 May 2020 03:54:17 AM CEST,0,92,
1590285478,Sun 24 May 2020 03:57:58 AM CEST,74,63,
1590285737,Sun 24 May 2020 04:02:17 AM CEST,27,64,
1590285944,Sun 24 May 2020 04:05:44 AM CEST,50,93,
1590286241,Sun 24 May 2020 04:10:41 AM CEST,36,23,
1590286369,Sun 24 May 2020 04:12:49 AM CEST,61,82,
1590286881,Sun 24 May 2020 04:21:21 AM CEST,11,96,
1590287288,Sun 24 May 2020 04:28:08 AM CEST,35,49,
1590287572,Sun 24 May 2020 04:32:52 AM CEST,98,36,
1590287917,Sun 24 May 2020 04:38:37 AM CEST,1,24,
1590288194,Sun 24 May 2020 04:43:14 AM CEST,98,17,
1590288571,Sun 24 May 2020 04:49:31 AM CEST,84,63,
1590288849,Sun 24 May 2020 04:54:09 AM CEST,75,60,
1590288906,Sun 24 May 2020 04:55:06 AM CEST,68,18,
1590289265,Sun 24 May 2020 05:01:05 AM CEST,57,32,
1590289425,Sun 24 May 2020 05:03:45 AM CEST,79,60,
1590289745,Sun 24 May 2020 05:09:05 AM CEST,39,39,
1590290032,Sun 24 May 2020 05:13:52 AM CEST,30,33,
1590290389,Sun 24 May 2020 05:19:49 AM CEST,29,85,
1590290893,Sun 24 May 2020 05:28:13 AM CEST,90,41,
1590291237,Sun 24 May 2020 05:33:57 AM CEST,4,5,
1590291645,Sun 24 May 2020 05:40:45 AM CEST,54,23,
1590291802,Sun 24 May 2020 05:43:22 AM CEST,98,14,
1590292129,Sun 24 May 2020 05:48:49 AM CEST,2,72,
1590292501,Sun 24 May 2020 05:55:01 AM CEST,46,14,
1590292731,Sun 24 May 2020 05:58:51 AM CEST,21,78,
1590292996,Sun 24 May 2020 06:03:16 AM CEST,58,81,
1590293192,Sun 24 May 2020 06:06:32 AM CEST,16,35,
1590293438,Sun 24 May 2020 06:10:38 AM CEST,21,23,
1590293626,Sun 24 May 2020 06:13:46 AM CEST,82,23,
1590293924,Sun 24 May 2020 06:18:44 AM CEST,75,87,
1590294229,Sun 24 May 2020 06:23:49 AM CEST,92,73,
1590294522,Sun 24 May 2020 06:28:42 AM CEST,49,31,
1590294601,Sun 24 May 2020 06:30:01 AM CEST,42,68,
1590294894,Sun 24 May 2020 06:34:54 AM CEST,22,19,
1590295055,Sun 24 May 2020 06:37:35 AM CEST,15,45,
1590295330,Sun 24 May 2020 06:42:10 AM CEST,59,21,
1590295653,Sun 24 May 2020 06:47:33 AM CEST,24,83,
1590295963,Sun 24 May 2020 06:52:43 AM CEST,88,3,
1590296273,Sun 24 May 2020 06:57:53 AM CEST,85,53,
1590296544,Sun 24 May 2020 07:02:24 AM CEST,62,90,
1590296844,Sun 24 May 2020 07:07:24 AM CEST,86,91,
1590297266,Sun 24 May 2020 07:14:26 AM CEST,41,33,
1590297563,Sun 24 May 2020 07:19:23 AM CEST,45,18,
1590297686,Sun 24 May 2020 07:21:26 AM CEST,43,20,
1590298149,Sun 24 May 2020 07:29:09 AM CEST,24,76,
1590298498,Sun 24 May 2020 07:34:58 AM CEST,84,44,
1590298805,Sun 24 May 2020 07:40:05 AM CEST,42,34,
1590298976,Sun 24 May 2020 07:42:56 AM CEST,94,92,
1590299148,Sun 24 May 2020 07:45:48 AM CEST,93,52,
1590299468,Sun 24 May 2020 07:51:08 AM CEST,86,63,
1590299686,Sun 24 May 2020 07:54:46 AM CEST,58,29,
1590300200,Sun 24 May 2020 08:03:20 AM CEST,9,1,
1590300349,Sun 24 May 2020 08:05:49 AM CEST,21,4,
1590300801,Sun 24 May 2020 08:13:21 AM CEST,25,41,
1590301089,Sun 24 May 2020 08:18:09 AM CEST,28,15,
1590301489,Sun 24 May 2020 08:24:49 AM CEST,56,84,
1590301679,Sun 24 May 2020 08:27:59 AM CEST,61,44,
1590302197,Sun 24 May 2020 08:36:37 AM CEST,65,31,
1590302392,Sun 24 May 2020 08:39:52 AM CEST,49,3,
1590302870,Sun 24 May 2020 08:47:50 AM CEST,34,40,
1590303350,Sun 24 May 2020 08:55:50 AM CEST,35,6,
1590303623,Sun 24 May 2020 09:00:23 AM CEST,40,42,
1590303834,Sun 24 May 2020 09:03:54 AM CEST,27,1,
1590304124,Sun 24 May 2020 09:08:44 AM CEST,13,60,
1590304518,Sun 24 May 2020 09:15:18 AM CEST,0,97,
1590304939,Sun 24 May 2020 09:22:19 AM CEST,46,92,
1590305206,Sun 24 May 2020 09:26:46 AM CEST,83,15,
1590305392,Sun 24 May 2020 09:29:52 AM CEST,86,8,
1590305711,Sun 24 May 2020 09:35:11 AM CEST,63,87,
1590305770,Sun 24 May 2020 09:36:10 AM CEST,9,75,
1590306197,Sun 24 May 2020 09:43:17 AM CEST,62,6,
1590306658,Sun 24 May 2020 09:50:58 AM CEST,32,16,
1590307102,Sun 24 May 2020 09:58:22 AM CEST,28,76,
1590307383,Sun 24 May 2020 10:03:03 AM CEST,86,16,
1590307564,Sun 24 May 2020 10:06:04 AM CEST,42,31,
1590307823,Sun 24 May 2020 10:10:23 AM CEST,58,90,
1590308066,Sun 24 May 2020 10:14:26 AM CEST,14,75,
1590308366,Sun 24 May 2020 10:19:26 AM CEST,67,55,
1590308859,Sun 24 May 2020 10:27:39 AM CEST,51,22,
1590309058,Sun 24 May 2020 10:30:58 AM CEST,67,97,
1590309466,Sun 24 May 2020 10:37:46 AM CEST,1,60,
1590309780,Sun 24 May 2020 10:43:00 AM CEST,99,82,
1590309906,Sun 24 May 2020 10:45:06 AM CEST,29,20,
1590310079,Sun 24 May 2020 10:47:59 AM CEST,77,28,
1590310475,Sun 24 May 2020 10:54:35 AM CEST,79,82,
1590310694,Sun 24 May 2020 10:58:14 AM CEST,50,23,
1590310906,Sun 24 May 2020 11:01:46 AM CEST,53,96,
1590311132,Sun 24 May 2020 11:05:32 AM CEST,57,20,
1590311451,Sun 24 May 2020 11:10:51 AM CEST,50,3,
1590312018,Sun 24 May 2020 11:20:18 AM CEST,33,27,
1590312165,Sun 24 May 2020 11:22:45 AM CEST,38,39,
1590312417,Sun 24 May 2020 11:26:57 AM CEST,82,16,
1590312713,Sun 24 May 2020 11:31:53 AM CEST,19,7,
1590313112,Sun 24 May 2020 11:38:32 AM CEST,35,36,
1590313428,Sun 24 May 2020 11:43:48 AM CEST,45,72,
1590313739,Sun 24 May 2020 11:48:59 AM CEST,67,71,
1590314274,Sun 24 May 2020 11:57:54 AM CEST,51,95,
1590314741,Sun 24 May 2020 12:05:41 PM CEST,83,72,
1590314854,Sun 24 May 2020 12:07:34 PM CEST,94,66,
1590315195,Sun 24 May 2020 12:13:15 PM CEST,12,11,
1590315440,Sun 24 May 2020 12:17:20 PM CEST,26,68,
1590315653,Sun 24 May 2020 12:20:53 PM CEST,80,37,
1590315950,Sun 24 May 2020 12:25:50 PM CEST,12,73,
1590316030,Sun 24 May 2020 12:27:10 PM CEST,13,92,
1590316290,Sun 24 May 2020 12:31:30 PM CEST,44,49,
1590316671,Sun 24 May 2020 12:37:51 PM CEST,69,68,
1590317003,Sun 24 May 2020 12:43:23 PM CEST,61,22,
1590317282,Sun 24 May 2020 12:48:02 PM CEST,72,27,
1590317487,Sun 24 May 2020 12:51:27 PM CEST,47,62,
1590317862,Sun 24 May 2020 12:57:42 PM CEST,97,78,
1590318091,Sun 24 May 2020 01:01:31 PM CEST,97,72,
1590318564,Sun 24 May 2020 01:09:24 PM CEST,47,7,
1590318776,Sun 24 May 2020 01:12:56 PM CEST,38,55,
1590318914,Sun 24 May 2020 01:15:14 PM CEST,91,97,
1590319149,Sun 24 May 2020 01:19:09 PM CEST,29,17,
1590319628,Sun 24 May 2020 01:27:08 PM CEST,28,92,
1590319815,Sun 24 May 2020 01:30:15 PM CEST,75,20,
1590320026,Sun 24 May 2020 01:33:47 PM CEST,98,43,
1590320509,Sun 24 May 2020 01:41:49 PM CEST,5,6,
1590320755,Sun 24 May 2020 01:45:55 PM CEST,86,84,
1590320997,Sun 24 May 2020 01:49:57 PM CEST,73,39,
1590321300,Sun 24 May 2020 01:55:00 PM CEST,63,98,
1590321542,Sun 24 May 2020 01:59:02 PM CEST,8,50,
1590322005,Sun 24 May 2020 02:06:45 PM CEST,76,0,
1590322321,Sun 24 May 2020 02:12:01 PM CEST,51,71,
1590322667,Sun 24 May 2020 02:17:47 PM CEST,96,48,
1590323008,Sun 24 May 2020 02:23:28 PM CEST,35,12,
1590323165,Sun 24 May 2020 02:26:05 PM CEST,21,89,
1590323453,Sun 24 May 2020 02:30:53 PM CEST,62,68,
1590323539,Sun 24 May 2020 02:32:19 PM CEST,82,87,
1590323878,Sun 24 May 2020 02:37:58 PM CEST,22,99,
1590324212,Sun 24 May 2020 02:43:32 PM CEST,60,64,
1590324410,Sun 24 May 2020 02:46:50 PM CEST,50,98,
1590324749,Sun 24 May 2020 02:52:29 PM CEST,86,27,
1590325139,Sun 24 May 2020 02:58:59 PM CEST,18,35,
1590325670,Sun 24 May 2020 03:07:51 PM CEST,92,20,
1590326134,Sun 24 May 2020 03:15:34 PM CEST,60,78,
1590326489,Sun 24 May 2020 03:21:29 PM CEST,21,24,
1590326555,Sun 24 May 2020 03:22:35 PM CEST,77,67,
1590326978,Sun 24 May 2020 03:29:38 PM CEST,12,8,
1590327413,Sun 24 May 2020 03:36:53 PM CEST,48,99,
1590327922,Sun 24 May 2020 03:45:22 PM CEST,47,95,
1590328157,Sun 24 May 2020 03:49:17 PM CEST,78,61,
1590328706,Sun 24 May 2020 03:58:26 PM CEST,36,86,
1590329097,Sun 24 May 2020 04:04:57 PM CEST,23,96,
1590329347,Sun 24 May 2020 04:09:07 PM CEST,29,25,
1590329650,Sun 24 May 2020 04:14:10 PM CEST,25,22,
1590329860,Sun 24 May 2020 04:17:40 PM CEST,81,18,
1590330029,Sun 24 May 2020 04:20:29 PM CEST,2,97,
1590330505,Sun 24 May 2020 04:28:25 PM CEST,76,32,
1590331016,Sun 24 May 2020 04:36:56 PM CEST,40,25,
1590331097,Sun 24 May 2020 04:38:17 PM CEST,26,46,
1590331372,Sun 24 May 2020 04:42:52 PM CEST,97,30,
1590331772,Sun 24 May 2020 04:49:32 PM CEST,44,67,
1590332089,Sun 24 May 2020 04:54:49 PM CEST,97,33,
1590332250,Sun 24 May 2020 04:57:30 PM CEST,57,41,
1590332758,Sun 24 May 2020 05:05:58 PM CEST,91,68,
1590333100,Sun 24 May 2020 05:11:40 PM CEST,73,11,
1590333475,Sun 24 May 2020 05:17:55 PM CEST,78,26,
1590333926,Sun 24 May 2020 05:25:26 PM CEST,25,44,
1590334499,Sun 24 May 2020 05:34:59 PM CEST,9,0,
1590334757,Sun 24 May 2020 05:39:17 PM CEST,11,35,
1590335092,Sun 24 May 2020 05:44:52 PM CEST,31,31,
1590335324,Sun 24 May 2020 05:48:44 PM CEST,1,11,
1590335456,Sun 24 May 2020 05:50:56 PM CEST,82,95,
1590335949,Sun 24 May 2020 05:59:09 PM CEST,65,29,
1590336191,Sun 24 May 2020 06:03:11 PM CEST,2,41,
1590336435,Sun 24 May 2020 06:07:15 PM CEST,8,60,
1590336779,Sun 24 May 2020 06:12:59 PM CEST,15,51,
1590336933,Sun 24 May 2020 06:15:33 PM CEST,83,53,
1590337230,Sun 24 May 2020 06:20:30 PM CEST,77,60,
1590337742,Sun 24 May 2020 06:29:02 PM CEST,56,88,
1590338072,Sun 24 May 2020 06:34:32 PM CEST,36,78,
1590338527,Sun 24 May 2020 06:42:07 PM CEST,82,12,
1590338728,Sun 24 May 2020 06:45:28 PM CEST,81,93,
1590339146,Sun 24 May 2020 06:52:26 PM CEST,51,83,
1590339580,Sun 24 May 2020 06:59:40 PM CEST,0,24,
1590339881,Sun 24 May 2020 07:04:41 PM CEST,75,70,
1590340440,Sun 24 May 2020 07:14:00 PM CEST,99,28,
1590340647,Sun 24 May 2020 07:17:27 PM CEST,52,67,
1590340950,Sun 24 May 2020 07:22:30 PM CEST,58,37,
1590341286,Sun 24 May 2020 07:28:06 PM CEST,54,5,
1590341625,Sun 24 May 2020 07:33:45 PM CEST,43,58,
1590341780,Sun 24 May 2020 07:36:20 PM CEST,11,80,
1590342044,Sun 24 May 2020 07:40:44 PM CEST,13,50,
1590342314,Sun 24 May 2020 07:45:14 PM CEST,31,81,
1590342757,Sun 24 May 2020 07:52:37 PM CEST,97,82,
1590343088,Sun 24 May 2020 07:58:08 PM CEST,27,50,
1590343482,Sun 24 May 2020 08:04:42 PM CEST,15,76,
1590343840,Sun 24 May 2020 08:10:40 PM CEST,96,59,
1590344190,Sun 24 May 2020 08:16:30 PM CEST,1,55,
1590344578,Sun 24 May 2020 08:22:58 PM CEST,31,90,
1590344811,Sun 24 May 2020 08:26:51 PM CEST,80,32,
1590345052,Sun 24 May 2020 08:30:52 PM CEST,57,50,
1590345411,Sun 24 May 2020 08:36:51 PM CEST,35,72,
1590345510,Sun 24 May 2020 08:38:30 PM CEST,83,12,
1590345835,Sun 24 May 2020 08:43:55 PM CEST,16,33,
1590346328,Sun 24 May 2020 08:52:08 PM CEST,67,8,
1590346525,Sun 24 May 2020 08:55:25 PM CEST,74,62,
1590346886,Sun 24 May 2020 09:01:26 PM CEST,86,10,
1590347165,Sun 24 May 2020 09:06:05 PM CEST,27,53,
1590347600,Sun 24 May 2020 09:13:20 PM CEST,0,56,
1590347772,Sun 24 May 2020 09:16:12 PM CEST,51,54,
1590348319,Sun 24 May 2020 09:25:19 PM CEST,11,83,
1590348522,Sun 24 May 2020 09:28:42 PM CEST,13,13,
1590349031,Sun 24 May 2020 09:37:11 PM CEST,68,97,
1590349289,Sun 24 May 2020 09:41:29 PM CEST,79,40,
1590349533,Sun 24 May 2020 09:45:33 PM CEST,14,69,
1590349790,Sun 24 May 2020 09:49:50 PM CEST,82,98,
1590350203,Sun 24 May 2020 09:56:43 PM CEST,36,7,
1590350594,Sun 24 May 2020 10:03:14 PM CEST,66,50,
1590350840,Sun 24 May 2020 10:07:20 PM CEST,27,98,
1590351146,Sun 24 May 2020 10:12:26 PM CEST,53,70,
1590351507,Sun 24 May 2020 10:18:27 PM CEST,67,52,
1590351750,Sun 24 May 2020 10:22:30 PM CEST,18,99,
1590352003,Sun 24 May 2020 10:26:43 PM CEST,90,40,
1590352397,Sun 24 May 2020 10:33:17 PM CEST,89,77,
1590352599,Sun 24 May 2020 10:36:39 PM CEST,14,49,
1590352769,Sun 24 May 2020 10:39:29 PM CEST,59,38,
1590353100,Sun 24 May 2020 10:45:00 PM CEST,3,32,
1590353458,Sun 24 May 2020 10:50:58 PM CEST,72,72,
1590353874,Sun 24 May 2020 10:57:54 PM CEST,2,52,
1590353979,Sun 24 May 2020 10:59:39 PM CEST,18,38,
1590354087,Sun 24 May 2020 11:01:27 PM CEST,50,57,
1590354334,Sun 24 May 2020 11:05:34 PM CEST,69,15,
1590354406,Sun 24 May 2020 11:06:46 PM CEST,76,40,
1590354850,Sun 24 May 2020 11:14:10 PM CEST,29,70,
1590355034,Sun 24 May 2020 11:17:15 PM CEST,68,27,
1590355501,Sun 24 May 2020 11:25:01 PM CEST,73,7,
1590355551,Sun 24 May 2020 11:25:51 PM CEST,2,60,
1590355770,Sun 24 May 2020 11:29:30 PM CEST,32,15,
1590356163,Sun 24 May 2020 11:36:03 PM CEST,87,97,
1590356416,Sun 24 May 2020 11:40:16 PM CEST,98,77,
1590356581,Sun 24 May 2020 11:43:01 PM CEST,94,51,
1590356928,Sun 24 May 2020 11:48:48 PM CEST,81,0,
1590357299,Sun 24 May 2020 11:54:59 PM CEST,19,75,
1590357556,Sun 24 May 2020 11:59:16 PM CEST,47,46,
1590357867,Mon 25 May 2020 12:04:27 AM CEST,25,47,
1590358203,Mon 25 May 2020 12:10:03 AM CEST,67,97,
1590358512,Mon 25 May 2020 12:15:12 AM CEST,90,67,
1590358766,Mon 25 May 2020 12:19:26 AM CEST,50,81,
1590358862,Mon 25 May 2020 12:21:02 AM CEST,81,79,
1590359017,Mon 25 May 2020 12:23:37 AM CEST,43,7,
1590359350,Mon 25 May 2020 12:29:10 AM CEST,32,11,
1590359672,Mon 25 May 2020 12:34:32 AM CEST,69,20,
1590359977,Mon 25 May 2020 12:39:37 AM CEST,77,78,
1590360332,Mon 25 May 2020 12:45:32 AM CEST,70,92,
1590360770,Mon 25 May 2020 12:52:50 AM CEST,79,76,
1590361210,Mon 25 May 2020 01:00:10 AM CEST,61,47,
1590361506,Mon 25 May 2020 01:05:06 AM CEST,76,13,
1590361753,Mon 25 May 2020 01:09:13 AM CEST,49,21,
1590362008,Mon 25 May 2020 01:13:28 AM CEST,51,70,
1590362353,Mon 25 May 2020 01:19:13 AM CEST,1,47,
1590362744,Mon 25 May 2020 01:25:44 AM CEST,70,80,
1590363003,Mon 25 May 2020 01:30:03 AM CEST,15,5,
1590363187,Mon 25 May 2020 01:33:07 AM CEST,57,63,
1590363472,Mon 25 May 2020 01:37:52 AM CEST,64,38,
1590363951,Mon 25 May 2020 01:45:51 AM CEST,78,94,
1590364266,Mon 25 May 2020 01:51:06 AM CEST,24,80,
1590364324,Mon 25 May 2020 01:52:04 AM CEST,95,40,
1590364837,Mon 25 May 2020 02:00:37 AM CEST,14,86,
1590365233,Mon 25 May 2020 02:07:13 AM CEST,24,55,
1590365555,Mon 25 May 2020 02:12:35 AM CEST,5,79,
1590365763,Mon 25 May 2020 02:16:03 AM CEST,11,83,
1590366019,Mon 25 May 2020 02:20:19 AM CEST,51,70,
1590366355,Mon 25 May 2020 02:25:55 AM CEST,2,34,
1590366727,Mon 25 May 2020 02:32:07 AM CEST,68,57,
1590367048,Mon 25 May 2020 02:37:28 AM CEST,97,11,
1590367463,Mon 25 May 2020 02:44:23 AM CEST,54,33,
1590367887,Mon 25 May 2020 02:51:27 AM CEST,7,20,
1590368195,Mon 25 May 2020 02:56:35 AM CEST,81,43,
1590368615,Mon 25 May 2020 03:03:35 AM CEST,44,26,
1590369126,Mon 25 May 2020 03:12:06 AM CEST,9,20,
1590369465,Mon 25 May 2020 03:17:45 AM CEST,62,26,
1590369731,Mon 25 May 2020 03:22:11 AM CEST,54,40,
1590369877,Mon 25 May 2020 03:24:37 AM CEST,32,69,
1590370359,Mon 25 May 2020 03:32:39 AM CEST,70,95,
1590370499,Mon 25 May 2020 03:34:59 AM CEST,6,2,
1590370880,Mon 25 May 2020 03:41:20 AM CEST,43,5,
1590371164,Mon 25 May 2020 03:46:04 AM CEST,51,24,
1590371545,Mon 25 May 2020 03:52:25 AM CEST,89,40,
1590371865,Mon 25 May 2020 03:57:45 AM CEST,39,40,
1590372240,Mon 25 May 2020 04:04:00 AM CEST,83,7,
1590372627,Mon 25 May 2020 04:10:27 AM CEST,91,64,
1590372731,Mon 25 May 2020 04:12:11 AM CEST,66,95,
1590372969,Mon 25 May 2020 04:16:09 AM CEST,93,21,
1590373395,Mon 25 May 2020 04:23:15 AM CEST,96,12,
1590373666,Mon 25 May 2020 04:27:46 AM CEST,61,65,
1590374016,Mon 25 May 2020 04:33:36 AM CEST,76,27,
1590374505,Mon 25 May 2020 04:41:45 AM CEST,64,66,
1590374732,Mon 25 May 2020 04:45:32 AM CEST,86,96,
1590375037,Mon 25 May 2020 04:50:37 AM CEST,64,38,
1590375217,Mon 25 May 2020 04:53:37 AM CEST,53,23,
1590375444,Mon 25 May 2020 04:57:24 AM CEST,95,70,
1590375755,Mon 25 May 2020 05:02:35 AM CEST,40,48,
1590375987,Mon 25 May 2020 05:06:27 AM CEST,80,26,
1590376198,Mon 25 May 2020 05:09:58 AM CEST,88,97,
1590376424,Mon 25 May 2020 05:13:44 AM CEST,88,70,
1590376594,Mon 25 May 2020 05:16:34 AM CEST,71,12,
1590377138,Mon 25 May 2020 05:25:38 AM CEST,34,35,
1590377254,Mon 25 May 2020 05:27:34 AM CEST,59,95,
1590377524,Mon 25 May 2020 05:32:04 AM CEST,82,59,
1590378056,Mon 25 May 2020 05:40:56 AM CEST,26,42,
1590378394,Mon 25 May 2020 05:46:34 AM CEST,2,76,
1590378818,Mon 25 May 2020 05:53:38 AM CEST,0,4,
1590379254,Mon 25 May 2020 06:00:54 AM CEST,88,56,
1590379694,Mon 25 May 2020 06:08:14 AM CEST,55,15,
1590380017,Mon 25 May 2020 06:13:37 AM CEST,61,3,
1590380188,Mon 25 May 2020 06:16:28 AM CEST,79,15,
1590380493,Mon 25 May 2020 06:21:33 AM CEST,79,81,
1590380769,Mon 25 May 2020 06:26:09 AM CEST,67,66,
1590380921,Mon 25 May 2020 06:28:41 AM CEST,83,71,
1590381494,Mon 25 May 2020 06:38:14 AM CEST,52,15,
1590381929,Mon 25 May 2020 06:45:29 AM CEST,64,16,
1590382263,Mon 25 May 2020 06:51:03 AM CEST,67,97,
1590382599,Mon 25 May 2020 06:56:39 AM CEST,24,70,
1590382788,Mon 25 May 2020 06:59:48 AM CEST,55,14,
1590383143,Mon 25 May 2020 07:05:43 AM CEST,90,38,
1590383467,Mon 25 May 2020 07:11:07 AM CEST,45,9,
1590383872,Mon 25 May 2020 07:17:52 AM CEST,39,31,
1590384035,Mon 25 May 2020 07:20:35 AM CEST,47,34,
1590384289,Mon 25 May 2020 07:24:49 AM CEST,27,47,
1590384507,Mon 25 May 2020 07:28:27 AM CEST,86,87,
1590384810,Mon 25 May 2020 07:33:30 AM CEST,89,6,
1590385208,Mon 25 May 2020 07:40:08 AM CEST,87,9,
1590385716,Mon 25 May 2020 07:48:36 AM CEST,89,48,
1590385962,Mon 25 May 2020 07:52:42 AM CEST,46,72,
1590386178,Mon 25 May 2020 07:56:18 AM CEST,37,79,
1590386510,Mon 25 May 2020 08:01:50 AM CEST,76,72,
1590386914,Mon 25 May 2020 08:08:34 AM CEST,21,88,
1590387225,Mon 25 May 2020 08:13:45 AM CEST,33,56,
1590387472,Mon 25 May 2020 08:17:52 AM CEST,73,7,
1590387653,Mon 25 May 2020 08:20:53 AM CEST,54,73,
1590387916,Mon 25 May 2020 08:25:17 AM CEST,14,78,
1590387993,Mon 25 May 2020 08:26:33 AM CEST,18,94,
1590388276,Mon 25 May 2020 08:31:16 AM CEST,16,49,
1590388834,Mon 25 May 2020 08:40:34 AM CEST,76,57,
1590389033,Mon 25 May 2020 08:43:53 AM CEST,37,51,
1590389202,Mon 25 May 2020 08:46:42 AM CEST,18,9,
1590389562,Mon 25 May 2020 08:52:42 AM CEST,96,20,
1590389983,Mon 25 May 2020 08:59:43 AM CEST,52,9,
1590390424,Mon 25 May 2020 09:07:04 AM CEST,58,36,
1590390673,Mon 25 May 2020 09:11:13 AM CEST,72,23,
1590390982,Mon 25 May 2020 09:16:22 AM CEST,62,43,
1590391194,Mon 25 May 2020 09:19:54 AM CEST,85,13,
1590391356,Mon 25 May 2020 09:22:36 AM CEST,62,98,
1590391586,Mon 25 May 2020 09:26:26 AM CEST,99,84,
1590391651,Mon 25 May 2020 09:27:31 AM CEST,44,45,
1590391991,Mon 25 May 2020 09:33:11 AM CEST,65,30,
1590392365,Mon 25 May 2020 09:39:25 AM CEST,34,94,
1590392586,Mon 25 May 2020 09:43:06 AM CEST,71,66,
1590392816,Mon 25 May 2020 09:46:56 AM CEST,66,10,
1590393037,Mon 25 May 2020 09:50:37 AM CEST,98,59,
1590393379,Mon 25 May 2020 09:56:19 AM CEST,86,20,
1590393669,Mon 25 May 2020 10:01:09 AM CEST,74,19,
1590394070,Mon 25 May 2020 10:07:50 AM CEST,75,42,
1590394499,Mon 25 May 2020 10:14:59 AM CEST,82,54,
1590394731,Mon 25 May 2020 10:18:51 AM CEST,51,58,
1590394942,Mon 25 May 2020 10:22:22 AM CEST,72,23,
1590395222,Mon 25 May 2020 10:27:02 AM CEST,67,36,
1590395660,Mon 25 May 2020 10:34:20 AM CEST,11,29,
1590395952,Mon 25 May 2020 10:39:12 AM CEST,11,68,
1590396102,Mon 25 May 2020 10:41:42 AM CEST,59,18,
1590396314,Mon 25 May 2020 10:45:14 AM CEST,13,10,
1590396547,Mon 25 May 2020 10:49:07 AM CEST,9,39,
1590396829,Mon 25 May 2020 10:53:49 AM CEST,45,74,
1590397230,Mon 25 May 2020 11:00:30 AM CEST,49,45,
1590397419,Mon 25 May 2020 11:03:39 AM CEST,83,45,
1590397510,Mon 25 May 2020 11:05:10 AM CEST,7,47,
1590397847,Mon 25 May 2020 11:10:47 AM CEST,22,22,
1590398126,Mon 25 May 2020 11:15:26 AM CEST,50,50,
1590398494,Mon 25 May 2020 11:21:34 AM CEST,74,61,
1590398723,Mon 25 May 2020 11:25:23 AM CEST,55,76,
1590398768,Mon 25 May 2020 11:26:08 AM CEST,31,25,
1590399083,Mon 25 May 2020 11:31:23 AM CEST,92,60,
1590399189,Mon 25 May 2020 11:33:09 AM CEST,26,19,
1590399307,Mon 25 May 2020 11:35:07 AM CEST,49,62,
1590399398,Mon 25 May 2020 11:36:38 AM CEST,35,82,
1590399640,Mon 25 May 2020 11:40:40 AM CEST,66,50,
1590399894,Mon 25 May 2020 11:44:54 AM CEST,42,89,
1590400284,Mon 25 May 2020 11:51:24 AM CEST,40,46,
1590400537,Mon 25 May 2020 11:55:37 AM CEST,63,32,
1590400742,Mon 25 May 2020 11:59:02 AM CEST,47,55,
1590401036,Mon 25 May 2020 12:03:56 PM CEST,3,17,
1590401513,Mon 25 May 2020 12:11:53 PM CEST,30,88,
1590401874,Mon 25 May 2020 12:17:54 PM CEST,58,28,
1590402116,Mon 25 May 2020 12:21:56 PM CEST,9,70,
1590402598,Mon 25 May 2020 12:29:58 PM CEST,9,37,
1590402873,Mon 25 May 2020 12:34:33 PM CEST,29,64,
1590403298,Mon 25 May 2020 12:41:38 PM CEST,63,3,
1590403393,Mon 25 May 2020 12:43:13 PM CEST,5,3,
1590403488,Mon 25 May 2020 12:44:48 PM CEST,50,95,
1590403857,Mon 25 May 2020 12:50:57 PM CEST,56,84,
1590404217,Mon 25 May 2020 12:56:57 PM CEST,45,9,
1590404442,Mon 25 May 2020 01:00:42 PM CEST,85,74,
1590404702,Mon 25 May 2020 01:05:02 PM CEST,9,58,
1590405019,Mon 25 May 2020 01:10:19 PM CEST,28,47,
1590405226,Mon 25 May 2020 01:13:46 PM CEST,2,42,
1590405706,Mon 25 May 2020 01:21:46 PM CEST,5,40,
1590405773,Mon 25 May 2020 01:22:53 PM CEST,91,92,
1590406027,Mon 25 May 2020 01:27:07 PM CEST,98,48,
1590406364,Mon 25 May 2020 01:32:44 PM CEST,7,93,
1590406664,Mon 25 May 2020 01:37:44 PM CEST,35,46,
1590406691,Mon 25 May 2020 01:38:11 PM CEST,40,73,
1590407038,Mon 25 May 2020 01:43:58 PM CEST,24,14,
1590407557,Mon 25 May 2020 01:52:37 PM CEST,28,36,
1590407886,Mon 25 May 2020 01:58:06 PM CEST,23,41,
1590408365,Mon 25 May 2020 02:06:05 PM CEST,40,9,
1590408725,Mon 25 May 2020 02:12:05 PM CEST,46,4,
1590408999,Mon 25 May 2020 02:16:39 PM CEST,98,57,
1590409424,Mon 25 May 2020 02:23:44 PM CEST,86,21,
1590409844,Mon 25 May 2020 02:30:44 PM CEST,46,42,
1590410160,Mon 25 May 2020 02:36:00 PM CEST,71,52,
1590410560,Mon 25 May 2020 02:42:40 PM CEST,55,5,
1590410744,Mon 25 May 2020 02:45:44 PM CEST,19,58,
1590411149,Mon 25 May 2020 02:52:29 PM CEST,60,61,
1590411261,Mon 25 May 2020 02:54:21 PM CEST,0,77,
1590411664,Mon 25 May 2020 03:01:04 PM CEST,99,16,
1590412102,Mon 25 May 2020 03:08:22 PM CEST,6,58,
1590412425,Mon 25 May 2020 03:13:45 PM CEST,7,82,
1590412656,Mon 25 May 2020 03:17:36 PM CEST,58,25,
1590412796,Mon 25 May 2020 03:19:56 PM CEST,82,81,
1590413112,Mon 25 May 2020 03:25:12 PM CEST,15,47,
1590413281,Mon 25 May 2020 03:28:01 PM CEST,21,28,
1590413722,Mon 25 May 2020 03:35:22 PM CEST,67,99,
1590413923,Mon 25 May 2020 03:38:43 PM CEST,90,26,
1590414130,Mon 25 May 2020 03:42:10 PM CEST,76,24,
1590414571,Mon 25 May 2020 03:49:31 PM CEST,64,11,
1590414818,Mon 25 May 2020 03:53:38 PM CEST,74,37,
1590414998,Mon 25 May 2020 03:56:38 PM CEST,82,10,
1590415409,Mon 25 May 2020 04:03:29 PM CEST,97,15,
1590415827,Mon 25 May 2020 04:10:27 PM CEST,71,44,
1590415972,Mon 25 May 2020 04:12:52 PM CEST,36,16,
1590416178,Mon 25 May 2020 04:16:18 PM CEST,21,69,
1590416419,Mon 25 May 2020 04:20:19 PM CEST,23,63,
1590416680,Mon 25 May 2020 04:24:40 PM CEST,83,97,
1590416932,Mon 25 May 2020 04:28:52 PM CEST,74,69,
1590417062,Mon 25 May 2020 04:31:02 PM CEST,42,71,
1590417259,Mon 25 May 2020 04:34:19 PM CEST,62,33,
1590417689,Mon 25 May 2020 04:41:29 PM CEST,45,68,
1590418257,Mon 25 May 2020 04:50:57 PM CEST,88,84,
1590418648,Mon 25 May 2020 04:57:28 PM CEST,87,61,
1590418944,Mon 25 May 2020 05:02:24 PM CEST,99,66,
1590419420,Mon 25 May 2020 05:10:20 PM CEST,66,67,
1590419605,Mon 25 May 2020 05:13:25 PM CEST,64,31,
1590419748,Mon 25 May 2020 05:15:48 PM CEST,10,57,
1590420043,Mon 25 May 2020 05:20:43 PM CEST,50,13,
1590420346,Mon 25 May 2020 05:25:46 PM CEST,50,8,
1590420720,Mon 25 May 2020 05:32:00 PM CEST,5,64,
1590421110,Mon 25 May 2020 05:38:30 PM CEST,43,86,
1590421481,Mon 25 May 2020 05:44:41 PM CEST,45,64,
1590421968,Mon 25 May 2020 05:52:48 PM CEST,35,33,
1590422076,Mon 25 May 2020 05:54:36 PM CEST,88,81,
1590422577,Mon 25 May 2020 06:02:57 PM CEST,18,68,
1590422768,Mon 25 May 2020 06:06:08 PM CEST,90,7,
1590423313,Mon 25 May 2020 06:15:13 PM CEST,48,57,
1590423468,Mon 25 May 2020 06:17:48 PM CEST,7,85,
1590423583,Mon 25 May 2020 06:19:43 PM CEST,71,66,
1590423763,Mon 25 May 2020 06:22:43 PM CEST,96,7,
1590423987,Mon 25 May 2020 06:26:27 PM CEST,71,61,
1590424303,Mon 25 May 2020 06:31:43 PM CEST,24,69,
